{"version":"4.4.138","files":[{"path":"/home/czook/.local/share/nvim/site/pack/packer/start/cmp-tabnine/binaries/4.4.138/x86_64-unknown-linux-musl/TabNine","hash":"2fe98214b7a5f1f0997be5e6146eb21baaf30f92bbf1c981649b5586a5420f1c"},{"path":"/home/czook/.local/share/nvim/site/pack/packer/start/cmp-tabnine/binaries/4.4.138/x86_64-unknown-linux-musl/TabNine-deep-cloud","hash":"26fff5985045a190cdcde65d619a2fbce7208bd7b8ff257825e05880ef27c43d"},{"path":"/home/czook/.local/share/nvim/site/pack/packer/start/cmp-tabnine/binaries/4.4.138/x86_64-unknown-linux-musl/TabNine-deep-local","hash":"65b9808d9826ae96af35c9504680697adefda925efce5bc20878579f5104c41a"},{"path":"/home/czook/.local/share/nvim/site/pack/packer/start/cmp-tabnine/binaries/4.4.138/x86_64-unknown-linux-musl/WD-TabNine","hash":"ea2056e42b9bbff4b6a7bfc2315492e0a25fd0259f352f6dfff5f6b4f110ec15"}]}