{"version":"4.4.137","files":[{"path":"/home/czook/.local/share/nvim/site/pack/packer/start/cmp-tabnine/binaries/4.4.137/x86_64-unknown-linux-musl/TabNine","hash":"a7c6801a421aa85f8a19efd119f33968cf1c6e9e2e4701d75950c3ea2251f2ed"},{"path":"/home/czook/.local/share/nvim/site/pack/packer/start/cmp-tabnine/binaries/4.4.137/x86_64-unknown-linux-musl/TabNine-deep-cloud","hash":"e3ae56c2ad94c2a8ac1a7ad10d6241fbd6be5f1854e9359af9abf0b78accfc30"},{"path":"/home/czook/.local/share/nvim/site/pack/packer/start/cmp-tabnine/binaries/4.4.137/x86_64-unknown-linux-musl/TabNine-deep-local","hash":"dce1814f1ebbac65f942a5f82c5de1ce5285abee9dfa0dda87dfb57c86fb91f2"},{"path":"/home/czook/.local/share/nvim/site/pack/packer/start/cmp-tabnine/binaries/4.4.137/x86_64-unknown-linux-musl/WD-TabNine","hash":"16df12eaf294b3f2e2ca19b8f7d8c294edf8f02af33bde1fd29d559230d7a22a"}]}