{"version":"4.4.127","files":[{"path":"/home/czook/.local/share/nvim/site/pack/packer/start/cmp-tabnine/binaries/4.4.127/x86_64-unknown-linux-musl/TabNine","hash":"385818fdeaa4e8ab719eb56f25951f259e4f7bb5c48ead6b06e4d2d46f86a8ee"},{"path":"/home/czook/.local/share/nvim/site/pack/packer/start/cmp-tabnine/binaries/4.4.127/x86_64-unknown-linux-musl/TabNine-deep-cloud","hash":"7786fa4c82d13eeaafaa092f983350072a6e3d737d1e3af283ad4169f6994e6c"},{"path":"/home/czook/.local/share/nvim/site/pack/packer/start/cmp-tabnine/binaries/4.4.127/x86_64-unknown-linux-musl/TabNine-deep-local","hash":"35b882fb09ab3f4c334f62f489ec344a047b19d1f9949b916c7d046a7498041b"},{"path":"/home/czook/.local/share/nvim/site/pack/packer/start/cmp-tabnine/binaries/4.4.127/x86_64-unknown-linux-musl/WD-TabNine","hash":"5612b298c8cb9a372a7c027ec49545b7a3763095558be7b19ee3616c7efc5a58"}]}