{"version":"4.4.143","files":[{"path":"/home/czook/.local/share/nvim/site/pack/packer/start/cmp-tabnine/binaries/4.4.143/x86_64-unknown-linux-musl/TabNine","hash":"9442cdebd7295a6fe8362aaaa622090141ec03d078a86edc4ec2ed4689e529e7"},{"path":"/home/czook/.local/share/nvim/site/pack/packer/start/cmp-tabnine/binaries/4.4.143/x86_64-unknown-linux-musl/TabNine-deep-cloud","hash":"004b52452855b94d7dc6a16e2cfc7109bcef5ac2518f306e266092a1ab39506f"},{"path":"/home/czook/.local/share/nvim/site/pack/packer/start/cmp-tabnine/binaries/4.4.143/x86_64-unknown-linux-musl/TabNine-deep-local","hash":"06761cfd795a5c192f64972643d7c3d8f01e74f78d3f2d9778b5695bce988692"},{"path":"/home/czook/.local/share/nvim/site/pack/packer/start/cmp-tabnine/binaries/4.4.143/x86_64-unknown-linux-musl/WD-TabNine","hash":"2a9ace3a9bef66d18caeaabea5ab97f72206c31cdb46046540e07340a17c4135"}]}