{"version":"4.4.186","files":[{"path":"/home/czook/.local/share/nvim/site/pack/packer/start/cmp-tabnine/binaries/4.4.186/x86_64-unknown-linux-musl/TabNine","hash":"f34176c3a5a9c668ba8c67ca25bc4d021a80bff4c0f3f1fb9c529c3e700fc249"},{"path":"/home/czook/.local/share/nvim/site/pack/packer/start/cmp-tabnine/binaries/4.4.186/x86_64-unknown-linux-musl/TabNine-deep-cloud","hash":"2b442f7c6e2f305b972befaa96005a1de452044c7d01e4edbb34568827b34c1e"},{"path":"/home/czook/.local/share/nvim/site/pack/packer/start/cmp-tabnine/binaries/4.4.186/x86_64-unknown-linux-musl/TabNine-deep-local","hash":"5bdee7350907d4598f2c8353b895a5cabd3c880b2b1520019fb622e1aa09bdc3"},{"path":"/home/czook/.local/share/nvim/site/pack/packer/start/cmp-tabnine/binaries/4.4.186/x86_64-unknown-linux-musl/WD-TabNine","hash":"3ed29ee3f7a0cd3a15a9cd2b808e6201b6b48076e3d9cc37e83bcffa8d380a66"}]}