{"version":"4.4.214","files":[{"path":"/home/czook/.local/share/nvim/site/pack/packer/start/cmp-tabnine/binaries/4.4.214/x86_64-unknown-linux-musl/TabNine","hash":"ec74ac80eb8eac5e7c49e5cbcb9717ec6c5f92f087e83d72c1aacf60771a312f","name":"TabNine","size":36512024},{"path":"/home/czook/.local/share/nvim/site/pack/packer/start/cmp-tabnine/binaries/4.4.214/x86_64-unknown-linux-musl/TabNine-deep-cloud","hash":"ef4e8bbe1cfe2390298d0572797bf3069cf200d3bc8c9472ad19eee94ad220b8","name":"TabNine-deep-cloud","size":13769120},{"path":"/home/czook/.local/share/nvim/site/pack/packer/start/cmp-tabnine/binaries/4.4.214/x86_64-unknown-linux-musl/TabNine-deep-local","hash":"176d6fdc8ead03c3b6caae67574d09f6328c0dd04478368501a81870afc9106a","name":"TabNine-deep-local","size":15416288},{"path":"/home/czook/.local/share/nvim/site/pack/packer/start/cmp-tabnine/binaries/4.4.214/x86_64-unknown-linux-musl/WD-TabNine","hash":"6f3eb3e3728990e3f978d9c446fb982568bc74c4684f005def2a12df84cf46cb","name":"WD-TabNine","size":11512840}]}