{"version":"4.4.200","files":[{"path":"/home/czook/.local/share/nvim/site/pack/packer/start/cmp-tabnine/binaries/4.4.200/x86_64-unknown-linux-musl/TabNine","hash":"0eb646aad01802792d6a935fbd385d0fa41865a9151c1db732c9b3fdc4406124","name":"TabNine","size":35983576},{"path":"/home/czook/.local/share/nvim/site/pack/packer/start/cmp-tabnine/binaries/4.4.200/x86_64-unknown-linux-musl/TabNine-deep-cloud","hash":"f57532bdb9987564d2fbced01fcead4c1ec29034a83b3ca653b599f9e0556aa1","name":"TabNine-deep-cloud","size":13486496},{"path":"/home/czook/.local/share/nvim/site/pack/packer/start/cmp-tabnine/binaries/4.4.200/x86_64-unknown-linux-musl/TabNine-deep-local","hash":"efb1d4bd8a42a80d902cfe74c57ca9e52df0ded2adc1a7e638252fff164cfac7","name":"TabNine-deep-local","size":15096800},{"path":"/home/czook/.local/share/nvim/site/pack/packer/start/cmp-tabnine/binaries/4.4.200/x86_64-unknown-linux-musl/WD-TabNine","hash":"e0dd3d56bce3514003528d2957b9413bbab3917c569e504f74bc6a85621656eb","name":"WD-TabNine","size":11471880}]}