{"version":"4.4.144","files":[{"path":"/home/czook/.local/share/nvim/site/pack/packer/start/cmp-tabnine/binaries/4.4.144/x86_64-unknown-linux-musl/TabNine","hash":"6d049ff31cf6e8c6b47eeb2a5dc47ed1356f1c85a09ddd4add7679b7b51505e6"},{"path":"/home/czook/.local/share/nvim/site/pack/packer/start/cmp-tabnine/binaries/4.4.144/x86_64-unknown-linux-musl/TabNine-deep-cloud","hash":"6fdb5b80e4529a581578de4957e0a95ef5cf1b233acbc82f46abd5e1b394b383"},{"path":"/home/czook/.local/share/nvim/site/pack/packer/start/cmp-tabnine/binaries/4.4.144/x86_64-unknown-linux-musl/TabNine-deep-local","hash":"30e521047e1bb60c1d497cb756c115fb274543083ea2a8005284658514eb6c5c"},{"path":"/home/czook/.local/share/nvim/site/pack/packer/start/cmp-tabnine/binaries/4.4.144/x86_64-unknown-linux-musl/WD-TabNine","hash":"fb0a68ed7042d73c9ba18a650f075298613fa872027b4dbdd2f41feead276057"}]}