{"version":"4.4.219","files":[{"path":"/home/czook/.local/share/nvim/site/pack/packer/start/cmp-tabnine/binaries/4.4.219/x86_64-unknown-linux-musl/TabNine","hash":"a0c33a56a68bf867a9c8a56f8523e5b0f5672af80ea75fb22d2140e83ace6e4a","name":"TabNine","size":36585944},{"path":"/home/czook/.local/share/nvim/site/pack/packer/start/cmp-tabnine/binaries/4.4.219/x86_64-unknown-linux-musl/TabNine-deep-cloud","hash":"e9e6a438779a1fbd1a195a0d7d9c1d9a28dfc7a0a5aed5c8b31d23d85ddd6aa7","name":"TabNine-deep-cloud","size":13781408},{"path":"/home/czook/.local/share/nvim/site/pack/packer/start/cmp-tabnine/binaries/4.4.219/x86_64-unknown-linux-musl/TabNine-deep-local","hash":"0796ed7314d8f4061d3093f6f9f268849d95df5359fbeeef9c72b3ea25b864ae","name":"TabNine-deep-local","size":15424480},{"path":"/home/czook/.local/share/nvim/site/pack/packer/start/cmp-tabnine/binaries/4.4.219/x86_64-unknown-linux-musl/WD-TabNine","hash":"cde502529ba1b0e9362caa69591b0aa8881126d59d456f903ae93146cd27bfa6","name":"WD-TabNine","size":11525128}]}