{"version":"4.4.208","files":[{"path":"/home/czook/.local/share/nvim/site/pack/packer/start/cmp-tabnine/binaries/4.4.208/x86_64-unknown-linux-musl/TabNine","hash":"37418c697cfe2a740d1b574f576eab395da8d180a58ca7b168978b5bdad78702","name":"TabNine","size":36409624},{"path":"/home/czook/.local/share/nvim/site/pack/packer/start/cmp-tabnine/binaries/4.4.208/x86_64-unknown-linux-musl/TabNine-deep-cloud","hash":"8f67dfe29774189f48556462b40f1dc741ed9d6e2e5327c63b87adc36a39c30c","name":"TabNine-deep-cloud","size":13769120},{"path":"/home/czook/.local/share/nvim/site/pack/packer/start/cmp-tabnine/binaries/4.4.208/x86_64-unknown-linux-musl/TabNine-deep-local","hash":"eb4ec2dab6ec8971d70994f89ec37e9a15c741a1fbd87fcb76c674389d269adf","name":"TabNine-deep-local","size":15416288},{"path":"/home/czook/.local/share/nvim/site/pack/packer/start/cmp-tabnine/binaries/4.4.208/x86_64-unknown-linux-musl/WD-TabNine","hash":"adaf9ff5698cb21e010d98d1721a6ee7a1a00a9cb1898038cb3eb12df0083eaf","name":"WD-TabNine","size":11512840}]}