{"version":"4.4.136","files":[{"path":"/home/czook/.local/share/nvim/site/pack/packer/start/cmp-tabnine/binaries/4.4.136/x86_64-unknown-linux-musl/TabNine","hash":"0ebb5c722e3101ef05e3e6131bbf3312cabe8b5673638bd106d83a1154a1d95a"},{"path":"/home/czook/.local/share/nvim/site/pack/packer/start/cmp-tabnine/binaries/4.4.136/x86_64-unknown-linux-musl/TabNine-deep-cloud","hash":"9d7172f8a9205c8768a6a82665a8bc22adde381ad8ac41f38d9191e44c216322"},{"path":"/home/czook/.local/share/nvim/site/pack/packer/start/cmp-tabnine/binaries/4.4.136/x86_64-unknown-linux-musl/TabNine-deep-local","hash":"1bdc7fc988ccad8f7053cabf0f19014d747f1d38d8382134ba1077030a43df41"},{"path":"/home/czook/.local/share/nvim/site/pack/packer/start/cmp-tabnine/binaries/4.4.136/x86_64-unknown-linux-musl/WD-TabNine","hash":"e8a029d5f6758c7e9d5b9c76b657f73269e225d3cb1f2452e8ac0609bf3e4abf"}]}