{"version":"4.4.139","files":[{"path":"/home/czook/.local/share/nvim/site/pack/packer/start/cmp-tabnine/binaries/4.4.139/x86_64-unknown-linux-musl/TabNine","hash":"62d931407383d536c827ad1e22a0a17ddb03d0a9db72fa1a811d9b82b64715b0"},{"path":"/home/czook/.local/share/nvim/site/pack/packer/start/cmp-tabnine/binaries/4.4.139/x86_64-unknown-linux-musl/TabNine-deep-cloud","hash":"6e9a8b6f63e5e822653476c95c14d837c85af66569e790cf9317c7fc531e171f"},{"path":"/home/czook/.local/share/nvim/site/pack/packer/start/cmp-tabnine/binaries/4.4.139/x86_64-unknown-linux-musl/TabNine-deep-local","hash":"228ece5ce3f64005dbc5c48d5f79ed48a1702829851cd44fcd891dadf915ae26"},{"path":"/home/czook/.local/share/nvim/site/pack/packer/start/cmp-tabnine/binaries/4.4.139/x86_64-unknown-linux-musl/WD-TabNine","hash":"1477d67d4ea3d2544d4bb36103edca4657e297dbcf8e6dfe1f4761c359f952cd"}]}