{"version":"4.4.243","files":[{"path":"/home/czook/.local/share/nvim/site/pack/packer/start/cmp-tabnine/binaries/4.4.243/x86_64-unknown-linux-musl/TabNine","hash":"5afc04b95834fc3ce4d86a44533d4eb07ab780bd08458ad0689cd6dbfa550e15","name":"TabNine","size":34918968},{"path":"/home/czook/.local/share/nvim/site/pack/packer/start/cmp-tabnine/binaries/4.4.243/x86_64-unknown-linux-musl/TabNine-deep-cloud","hash":"d29b85dee77e08148e02e72cef0837b6a4b72e8b0d53914db845ca8026974908","name":"TabNine-deep-cloud","size":15096416},{"path":"/home/czook/.local/share/nvim/site/pack/packer/start/cmp-tabnine/binaries/4.4.243/x86_64-unknown-linux-musl/TabNine-deep-local","hash":"c7b3af30a629a01b9bae78437486e6eb5baa033638b6f6b47ebabb6349308004","name":"TabNine-deep-local","size":16428064},{"path":"/home/czook/.local/share/nvim/site/pack/packer/start/cmp-tabnine/binaries/4.4.243/x86_64-unknown-linux-musl/WD-TabNine","hash":"ce87cc0b6aae606927822f5c9307132f03cc894af220aadf52d20cd61a1c8aa6","name":"WD-TabNine","size":11504648}]}