{"version":"4.4.149","files":[{"path":"/home/czook/.local/share/nvim/site/pack/packer/start/cmp-tabnine/binaries/4.4.149/x86_64-unknown-linux-musl/TabNine","hash":"95d4480f671b298a00ab8c0d48429d5eaf4012b0bc836f06b3fc6a5a9697d9a4"},{"path":"/home/czook/.local/share/nvim/site/pack/packer/start/cmp-tabnine/binaries/4.4.149/x86_64-unknown-linux-musl/TabNine-deep-cloud","hash":"61dc96c86028e8ca202af0014215b43f18b5c322e6ded65e79c4d71cb4c5a17e"},{"path":"/home/czook/.local/share/nvim/site/pack/packer/start/cmp-tabnine/binaries/4.4.149/x86_64-unknown-linux-musl/TabNine-deep-local","hash":"619c65ae7be7ce8d5ea3e8dedb594be89e4c54c6ea4a98585945ea95e69db53b"},{"path":"/home/czook/.local/share/nvim/site/pack/packer/start/cmp-tabnine/binaries/4.4.149/x86_64-unknown-linux-musl/WD-TabNine","hash":"4b85c4bc7a109827a36ca0eb6e659f20111d2032eeb945e672e7de08c0153fc6"}]}