{"experiment":"default","variation":"GA","flags":{"teamProfileContent":{"value":{"ProTeamAdmin":{"primary":{"visible":{"caption":"Add Members","url":"https://app.tabnine.com/profile/teams"}},"secondary":"hidden","statusTeamCta":"hidden","statusTeamCtaV2":{"off":{"visible":{"caption":"Enable Team Learning","url":"https://app.tabnine.com/profile/team-learning"}},"on":{"visible":{"caption":"Add Team Members","url":"https://app.tabnine.com/profile/teams"}}},"statusTeamText":{"caption":"Team Learning Algorithm","off":{"caption":"Disabled"},"on":{"caption":"Enabled"}},"teamSectionTitle":{"visible":{"caption":"Bigger Team - Better AI"}},"teamSectionSubtitle":{"visible":{"caption":"Add more team members for even more accurate suggestions"}},"teamSectionCta":{"visible":{"caption":"Add Team Members","url":"https://app.tabnine.com/profile/teams"}},"teamSectionHeaderRemarkText":"hidden","teamSectionHeaderRemarkCta":"hidden","teamAiToggleHoverText":{"off":"hidden","on":"hidden"},"userStatsTitle":{"on":{"visible":{"caption":"Bigger Team - Better AI"}},"off":{"visible":{"caption":"Boost your productivity by 30%"}}},"userStatsSubtitle":{"on":{"visible":{"caption":"Add more team members for even more accurate suggestions"}},"off":{"visible":{"caption":"Get personalized completions based on YOUR TEAM's code"}}},"userStatsCta":{"on":{"visible":{"caption":"Add Members","url":"https://app.tabnine.com/profile/teams"}},"off":{"visible":{"caption":"Enable Team Learning","url":"https://app.tabnine.com/profile/team-learning"}}},"teamSimulatorCta":{"on":{"visible":{"caption":"Add Members","url":"https://app.tabnine.com/profile/teams"}},"off":{"visible":{"caption":"Enable Team Learning","url":"https://app.tabnine.com/profile/team-learning"}}}},"ProTeamMember":{"primary":{"visible":{"caption":"Add Members","url":"https://app.tabnine.com/profile/teams"}},"secondary":"hidden","statusTeamCta":"hidden","statusTeamCtaV2":{"off":"hidden","on":{"visible":{"caption":"Add Team Members","url":"https://app.tabnine.com/profile/teams"}}},"statusTeamText":{"caption":"Team Learning Algorithm","off":{"caption":"Disabled"},"on":{"caption":"Enabled"}},"teamSectionTitle":{"visible":{"caption":"Bigger Team - Better AI"}},"teamSectionSubtitle":{"visible":{"caption":"Add more team members for even more accurate suggestions"}},"teamSectionCta":{"visible":{"caption":"Add Team Members","url":"https://app.tabnine.com/profile/teams"}},"teamSectionHeaderRemarkText":"hidden","teamSectionHeaderRemarkCta":"hidden","teamAiToggleHoverText":{"off":{"visible":{"caption":"Ask your team admin to enable Team Learning"}},"on":{"visible":{"caption":"Only the team admin can disable Team Learning"}}},"userStatsTitle":{"on":{"visible":{"caption":"Bigger Team - Better AI"}},"off":{"visible":{"caption":"Boost your productivity by 30%"}}},"userStatsSubtitle":{"on":{"visible":{"caption":"Add more team members for even more accurate suggestions"}},"off":{"visible":{"caption":"Get tabnine completion based on your team’s code"}}},"userStatsCta":{"on":{"visible":{"caption":"Add Members","url":"https://app.tabnine.com/profile/teams"}},"off":{"visible":{"caption":"Enable Team Learning","url":"https://app.tabnine.com/profile/team-learning"}}},"teamSimulatorCta":{"on":{"visible":{"caption":"Add Members","url":"https://app.tabnine.com/profile/teams"}},"off":{"visible":{"caption":"Enable Team Learning","url":"https://app.tabnine.com/profile/team-learning"}}}},"FreeTeamAdmin":{"primary":{"visible":{"caption":"Upgrade Now","url":"https://www.tabnine.com/pricing/landing"}},"secondary":{"visible":{"caption":"Add Members","url":"https://app.tabnine.com/profile/teams"}},"statusTeamCta":{"visible":{"caption":"Upgrade Team Learning","url":"https://www.tabnine.com/pricing/landing"}},"statusTeamCtaV2":{"off":{"visible":{"caption":"Upgrade for Team Learning","url":"https://www.tabnine.com/pricing/landing"}},"on":"hidden"},"statusTeamText":{"caption":"Basic Team Learning","off":{"caption":"Not Available"}},"teamSectionTitle":{"visible":{"caption":"Boost Your Team's Productivity"}},"teamSectionSubtitle":{"visible":{"caption":"Upgrade to Tabnine Team and get personalized completions based on your team's code, and advanced code completions based on public code"}},"teamSectionCta":{"visible":{"caption":"Upgrade Now","url":"https://www.tabnine.com/pricing/landing"}},"teamSectionHeaderRemarkText":"hidden","teamSectionHeaderRemarkCta":"hidden","teamAiToggleHoverText":{"off":{"visible":{"caption":"Upgrade and Increase Tabnine's accuracy by enabling Team Learning"}},"on":"hidden"},"userStatsTitle":{"on":"hidden","off":{"visible":{"caption":"Boost your productivity by 30%"}}},"userStatsSubtitle":{"on":"hidden","off":{"visible":{"caption":"Get personalized completions based on YOUR TEAM's code"}}},"userStatsCta":{"on":"hidden","off":{"visible":{"caption":"Upgrade for Team Learning","url":"https://app.tabnine.com/checkout"}}},"teamSimulatorCta":{"on":"hidden","off":{"visible":{"caption":"Upgrade for Team Learning","url":"https://app.tabnine.com/checkout"}}}},"FreeTeamAdminOldPro":{"primary":{"visible":{"caption":"Add Members","url":"https://app.tabnine.com/profile/subscription"}},"secondary":"hidden","statusTeamCta":"hidden","statusTeamCtaV2":{"off":{"visible":{"caption":"Switch to Team","url":"https://app.tabnine.com/profile/subscription"}},"on":"hidden"},"statusTeamText":{"caption":"Disabled","off":{"caption":"Not Available"}},"teamSectionTitle":{"visible":{"caption":"Bigger Team - Better AI"}},"teamSectionSubtitle":{"visible":{"caption":"Add more team members for even more accurate suggestions"}},"teamSectionCta":{"visible":{"caption":"Add Team Members","url":"https://app.tabnine.com/profile/subscription"}},"teamSectionHeaderRemarkText":"hidden","teamSectionHeaderRemarkCta":"hidden","teamAiToggleHoverText":{"off":{"visible":{"caption":"To enable Team Learning you need to switch from Pro Individual to Team account"}},"on":"hidden"},"userStatsTitle":{"on":"hidden","off":{"visible":{"caption":"Boost your productivity by 30%"}}},"userStatsSubtitle":{"on":"hidden","off":{"visible":{"caption":"Get personalized completions based on YOUR TEAM's code"}}},"userStatsCta":{"on":"hidden","off":{"visible":{"caption":"Enable Team Learning","url":"https://app.tabnine.com/profile/subscription"}}},"teamSimulatorCta":{"on":"hidden","off":{"visible":{"caption":"Enable Team Learning","url":"https://app.tabnine.com/profile/subscription"}}}},"FreeTeamMember":{"primary":{"visible":{"caption":"Upgrade Now","url":"https://www.tabnine.com/pricing/landing"}},"secondary":{"visible":{"caption":"Add Members","url":"https://app.tabnine.com/profile/teams"}},"statusTeamCta":{"visible":{"caption":"Upgrade Team Learning","url":"https://www.tabnine.com/pricing/landing"}},"statusTeamCtaV2":{"off":{"visible":{"caption":"Upgrade for Team Learning","url":"https://www.tabnine.com/pricing/landing"}},"on":"hidden"},"statusTeamText":{"caption":"Basic Team Learning","off":{"caption":"Not Available"}},"teamSectionTitle":{"visible":{"caption":"Boost Your Team's Productivity"}},"teamSectionSubtitle":{"visible":{"caption":"Upgrade to Tabnine Team and get personalized completions based on your team's code, and advanced code completions based on public code"}},"teamSectionCta":{"visible":{"caption":"Upgrade Now","url":"https://www.tabnine.com/pricing/landing"}},"teamSectionHeaderRemarkText":"hidden","teamSectionHeaderRemarkCta":"hidden","teamAiToggleHoverText":{"off":{"visible":{"caption":"Upgrade and Increase Tabnine's accuracy by enabling Team Learning"}},"on":"hidden"},"userStatsTitle":{"on":"hidden","off":{"visible":{"caption":"Boost your productivity by 30%"}}},"userStatsSubtitle":{"on":"hidden","off":{"visible":{"caption":"Get personalized completions based on YOUR TEAM's code"}}},"userStatsCta":{"on":"hidden","off":{"visible":{"caption":"Upgrade for Team Learning","url":"https://www.tabnine.com/pricing/landing"}}},"teamSimulatorCta":{"on":"hidden","off":{"visible":{"caption":"Upgrade for Team Learning","url":"https://www.tabnine.com/pricing/landing"}}}},"NewPro":{"primary":{"visible":{"caption":"Build Your Team!","url":"https://app.tabnine.com/profile/teams"}},"secondary":{"visible":{"caption":"Add Members","url":"https://app.tabnine.com/profile/teams"}},"statusTeamCta":"hidden","statusTeamCtaV2":{"off":{"visible":{"caption":"Enable Team Learning","url":"https://app.tabnine.com/profile/team-learning"}},"on":{"visible":{"caption":"Add Team Members","url":"https://app.tabnine.com/profile/teams"}}},"statusTeamText":{"caption":"Team Learning Algorithm","off":{"caption":"Disabled"},"on":{"caption":"Enabled"}},"teamSectionTitle":{"visible":{"caption":"Build Your Team - Boost Your Productivity"}},"teamSectionSubtitle":{"visible":{"caption":"Add team members for even more accurate suggestions"}},"teamSectionCta":{"visible":{"caption":"Add Team Members","url":"https://app.tabnine.com/profile/teams"}},"teamSectionHeaderRemarkText":"hidden","teamSectionHeaderRemarkCta":"hidden","teamAiToggleHoverText":{"off":"hidden","on":"hidden"},"userStatsTitle":{"on":{"visible":{"caption":"Build Your Team - Boost Your Productivity"}},"off":{"visible":{"caption":"Boost your productivity by 30%"}}},"userStatsSubtitle":{"on":{"visible":{"caption":"Add team members for even more accurate suggestions"}},"off":{"visible":{"caption":"Get personalized completions based on YOUR TEAM's code"}}},"userStatsCta":{"on":{"visible":{"caption":"Build Your Team!","url":"https://app.tabnine.com/profile/teams"}},"off":{"visible":{"caption":"Enable Team Learning","url":"https://app.tabnine.com/profile/team-learning"}}},"teamSimulatorCta":{"on":{"visible":{"caption":"Build Your Team!","url":"https://app.tabnine.com/profile/teams"}},"off":{"visible":{"caption":"Enable Team Learning","url":"https://app.tabnine.com/profile/team-learning"}}}},"ProTeamAdminSingleUser":{"primary":{"visible":{"caption":"Add Members","url":"https://app.tabnine.com/profile/teams"}},"secondary":"hidden","statusTeamCta":{"visible":{"caption":"Add Team Members","url":"https://app.tabnine.com/profile/teams"}},"statusTeamCtaV2":{"off":{"visible":{"caption":"Enable Team Learning","url":"https://app.tabnine.com/profile/team-learning"}},"on":{"visible":{"caption":"Add Team Members","url":"https://app.tabnine.com/profile/teams"}}},"statusTeamText":{"caption":"Team Learning Algorithm","off":{"caption":"Disabled"},"on":{"caption":"Enabled"}},"teamSectionTitle":{"visible":{"caption":"Bigger Team - Better AI"}},"teamSectionSubtitle":{"visible":{"caption":"Add team members for even more accurate suggestions"}},"teamSectionCta":{"visible":{"caption":"Add Team Members","url":"https://app.tabnine.com/profile/teams"}},"teamSectionHeaderRemarkText":"hidden","teamSectionHeaderRemarkCta":"hidden","teamAiToggleHoverText":{"off":"hidden","on":"hidden"},"userStatsTitle":{"on":{"visible":{"caption":"Bigger Team - Better AI"}},"off":{"visible":{"caption":"Boost your productivity by 30%"}}},"userStatsSubtitle":{"on":{"visible":{"caption":"Add more team members for even more accurate suggestions"}},"off":{"visible":{"caption":"Get personalized completions based on YOUR TEAM's code"}}},"userStatsCta":{"on":{"visible":{"caption":"Add Members","url":"https://app.tabnine.com/profile/teams"}},"off":{"visible":{"caption":"Enable Team Learning","url":"https://app.tabnine.com/profile/team-learning"}}},"teamSimulatorCta":{"on":{"visible":{"caption":"Add Members","url":"https://app.tabnine.com/profile/teams"}},"off":{"visible":{"caption":"Enable Team Learning","url":"https://app.tabnine.com/profile/team-learning"}}}},"OldPro":{"primary":{"visible":{"caption":"Start Your Team!","url":"https://app.tabnine.com/profile/teams"}},"secondary":"hidden","statusTeamCta":"hidden","statusTeamCtaV2":{"off":{"visible":{"caption":"Switch to Team","url":"https://app.tabnine.com/profile/subscription"}},"on":"hidden"},"statusTeamText":{"caption":"Disabled","off":{"caption":"Not Available"}},"teamSectionTitle":{"visible":{"caption":"Build Your Team - Boost Your Productivity"}},"teamSectionSubtitle":{"visible":{"caption":"Invite your teammates to experience the power & accuracy of Tabnine for Teams"}},"teamSectionCta":{"visible":{"caption":"Start Your Team!","url":"https://app.tabnine.com/profile/teams"}},"teamSectionHeaderRemarkText":"hidden","teamSectionHeaderRemarkCta":"hidden","teamAiToggleHoverText":{"off":{"visible":{"caption":"To enable Team Learning you need to switch from Pro Individual to Team account"}},"on":"hidden"},"userStatsTitle":{"on":{"visible":{"caption":"Build Your Team - Boost Your Productivity"}},"off":{"visible":{"caption":"Boost your productivity by 30%"}}},"userStatsSubtitle":{"on":{"visible":{"caption":"Add team members for even more accurate suggestions"}},"off":{"visible":{"caption":"Get personalized completions based on YOUR TEAM's code"}}},"userStatsCta":{"on":{"visible":{"caption":"Build Your Team!","url":"https://app.tabnine.com/profile/teams"}},"off":{"visible":{"caption":"Enable Team Learning","url":"https://app.tabnine.com/profile/team-learning"}}},"teamSimulatorCta":{"on":{"visible":{"caption":"Build Your Team!","url":"https://app.tabnine.com/profile/teams"}},"off":{"visible":{"caption":"Enable Team Learning","url":"https://app.tabnine.com/profile/team-learning"}}}},"OldNonPayingPro":{"primary":"hidden","secondary":"hidden","statusTeamCta":"hidden","statusTeamCtaV2":{"off":"hidden","on":"hidden"},"statusTeamText":{"caption":"Disabled","off":{"caption":"Not Available"}},"teamSectionTitle":"hidden","teamSectionSubtitle":"hidden","teamSectionCta":"hidden","teamSectionHeaderRemarkText":"hidden","teamSectionHeaderRemarkCta":"hidden","teamAiToggleHoverText":{"off":"hidden","on":"hidden"},"userStatsTitle":{"on":"hidden","off":"hidden"},"userStatsSubtitle":{"on":"hidden","off":"hidden"},"userStatsCta":{"on":"hidden","off":"hidden"},"teamSimulatorCta":{"on":"hidden","off":"hidden"}},"FreeSignedIn":{"primary":{"visible":{"caption":"Upgrade Now","url":"https://www.tabnine.com/pricing/landing"}},"secondary":"hidden","statusTeamCta":{"visible":{"caption":"Upgrade & Start Your Team!","url":"https://www.tabnine.com/pricing/landing"}},"statusTeamCtaV2":{"off":{"visible":{"caption":"Upgrade for Team Learning","url":"https://www.tabnine.com/pricing/landing"}},"on":"hidden"},"statusTeamText":{"caption":"Disabled","off":{"caption":"Not Available"}},"teamSectionTitle":{"visible":{"caption":"Boost Your Productivity"}},"teamSectionSubtitle":{"visible":{"caption":"Upgrade to Tabnine Team and get personalized completions based on your team's code, and advanced code completions based on public code"}},"teamSectionCta":{"visible":{"caption":"Upgrade Now","url":"https://www.tabnine.com/pricing/landing"}},"teamSectionHeaderRemarkText":"hidden","teamSectionHeaderRemarkCta":"hidden","teamAiToggleHoverText":{"off":{"visible":{"caption":"Upgrade and Increase Tabnine's accuracy by enabling Team Learning"}},"on":"hidden"},"userStatsTitle":{"on":"hidden","off":{"visible":{"caption":"Boost your productivity by 30%"}}},"userStatsSubtitle":{"on":"hidden","off":{"visible":{"caption":"Get personalized completions based on YOUR TEAM's code"}}},"userStatsCta":{"on":"hidden","off":{"visible":{"caption":"Upgrade for Team Learning","url":"https://www.tabnine.com/pricing/landing"}}},"teamSimulatorCta":{"on":"hidden","off":{"visible":{"caption":"Upgrade for Team Learning","url":"https://www.tabnine.com/pricing/landing"}}}},"Free":{"primary":{"visible":{"caption":"Upgrade Now","url":"https://www.tabnine.com/pricing/landing"}},"secondary":"hidden","statusTeamCta":{"visible":{"caption":"Upgrade & Start Your Team!","url":"https://www.tabnine.com/pricing/landing"}},"statusTeamCtaV2":{"off":{"visible":{"caption":"Upgrade for Team Learning","url":"https://www.tabnine.com/pricing/landing"}},"on":"hidden"},"statusTeamText":{"caption":"Disabled","off":{"caption":"Not Available"}},"teamSectionTitle":{"visible":{"caption":"Boost Your Productivity"}},"teamSectionSubtitle":{"visible":{"caption":"Upgrade to Tabnine Team and get personalized completions based on your team's code, and advanced code completions based on public code"}},"teamSectionCta":{"visible":{"caption":"Upgrade Now","url":"https://www.tabnine.com/pricing/landing"}},"teamSectionHeaderRemarkText":"hidden","teamSectionHeaderRemarkCta":"hidden","teamAiToggleHoverText":{"off":{"visible":{"caption":"Upgrade and Increase Tabnine's accuracy by enabling Team Learning"}},"on":"hidden"},"userStatsTitle":{"on":"hidden","off":{"visible":{"caption":"A more powerful AI learning model at your fingertips"}}},"userStatsSubtitle":{"on":"hidden","off":{"visible":{"caption":"5x more parameters · Open-source model + your code repositories"}}},"userStatsCta":{"on":"hidden","off":{"visible":{"caption":"Upgrade to Pro","url":"https://www.tabnine.com/pricing/landing"}}},"teamSimulatorCta":{"on":"hidden","off":{"visible":{"caption":"Upgrade for Team Learning","url":"https://www.tabnine.com/pricing/landing"}}}}}},"bulkEventFlushIntervalInSeconds":{"value":600},"shouldAddMetricEventsToEventBulk":{"value":true},"shouldAddRepoStatsToAutocompleteFinishedEvent":{"value":true},"shouldUseModelsFromUnifiedModelsService":{"value":true},"shouldUseNewHubDesign":{"value":false},"freeTrialEnabled":{"value":true,"variantName":"free_trial_enabled"},"enterpriseForm":{"value":{"title":"The only enterprise AI assistant platform self-hosted solution","ctaText":"Schedule a Demo","bulletPoints":["Up 10x ROI in gained productivity","Self-managed solution architecture with local hosting","2-minute technical setup with zero process change"],"ctaLink":"https://calendly.com/ezekiel-tabnine/15min"},"variantName":"enterpriseFormV4"},"shouldUseRemoteHostedHub":{"value":true},"shouldUsePortScanningForHubAccessibilityCheck":{"value":true,"variantName":"port_scanning_enabled"},"isBlackFriday":{"value":false,"variantName":"isBlackFriday"},"isCyberMonday":{"value":false,"variantName":"isCyberMonday"},"disableUnverifiedUsers":{"value":true},"disable_vanilla_indexing":{"value":true},"cloud_health_check_config":{"value":{"request_timeout_ms":2000,"interval_seconds":30,"consecutive_failures_threshold":2}},"preview_journey_cloud_midline":{"value":true,"variantName":"preview_journey_cloud_midline"},"avoid_midline_when_suitable_cache":{"value":true}}}